[
  {
    "Message": "Again..........",
    "To": "ME",
    "From": "string",
    "Time": "2022-01-25T10:24:08.745Z",
    "Name": "string",
    "Id": "3fa85f64-5717-4562-b3fc-2c963f66afa6"
  },
  {
    "Message": "Message0",
    "To": "string",
    "From": "string",
    "Time": "2022-01-25T10:24:08.745Z",
    "Name": "string",
    "Id": "54c7f675-4ce0-4b1e-9761-872fd7494079"
  },
  {
    "Message": "Message1",
    "To": "string",
    "From": "string",
    "Time": "2022-01-25T10:24:08.745Z",
    "Name": "string",
    "Id": "a2f27903-fe1e-48b0-bafb-d56671680041"
  },
  {
    "Message": "Message3",
    "To": "Keen",
    "From": "Sadhana",
    "Time": "2022-01-25T11:49:57.348532+01:00",
    "Name": "string",
    "Id": "3d364587-b4fb-4d05-a098-f51d33869ad9"
  },
  {
    "Message": "Message8",
    "To": "noone",
    "From": "ccccccccc",
    "Time": "2022-01-25T11:54:41.2915909+01:00",
    "Name": "string",
    "Id": "1f02b9dd-01e8-49d8-9be3-da090d786ace"
  },
  {
    "Message": "Hello Everyone",
    "To": "Someone",
    "From": "Hello",
    "Time": "2022-01-26T16:19:38.232731+01:00",
    "Name": "string",
    "Id": "1edc61bf-d988-49a3-82a6-edfad9e1ee88"
  },
  {
    "Message": "Hello Everyone",
    "To": "Sometwo",
    "From": "Hello\u00F6\u00F6\u00F6\u00F6",
    "Time": "2022-01-27T06:16:41.4853476+01:00",
    "Name": "string",
    "Id": "81720920-7840-4a8d-a13e-3bb44249cfc8"
  },
  {
    "Message": "mr blobby",
    "To": "Sometwo",
    "From": "Hello\u00F6\u00F6\u00F6\u00F6",
    "Time": "2022-01-27T10:54:26.1051478+01:00",
    "Name": "string",
    "Id": "0e405793-710c-4ddd-8a50-06bc9cb1dc26"
  },
  {
    "Message": "mr blobby",
    "To": "Sadhana",
    "From": "Hello\u00F6\u00F6\u00F6\u00F6",
    "Time": "2022-01-27T11:24:07.0737637+01:00",
    "Name": "Keen",
    "Id": "aa2cf763-ab90-42be-9219-7e6cd53d85f7"
  },
  {
    "Message": "mr blobby",
    "To": null,
    "From": "Hello\u00F6\u00F6\u00F6\u00F6",
    "Time": "2022-01-27T11:27:29.8968572+01:00",
    "Name": "Keen",
    "Id": "a3b470b0-02ca-408c-99b5-ad1123d878fe"
  },
  {
    "Message": "hello picachu..",
    "To": "_to",
    "From": "_from",
    "Time": "2022-01-27T11:47:09.7850783+01:00",
    "Name": "Blippi",
    "Id": "36c33602-6afa-465c-911b-d7cae3104c24"
  },
  {
    "Message": "Hello Cindrella",
    "To": "Cindrella",
    "From": "Doremon",
    "Time": "2022-01-27T14:31:32.7291676+01:00",
    "Name": "Blippi",
    "Id": "62da9ae1-484a-42de-a8cd-974ec690678f"
  },
  {
    "Message": "mr blobby",
    "To": null,
    "From": "Min Bast\u00E4 v\u00E4n",
    "Time": "2022-01-30T23:12:33.2283601+01:00",
    "Name": "Keen",
    "Id": "3c5e5a19-8ad6-4d18-aa12-425da464d3e7"
  }
]